<?xml version="1.0" encoding="UTF-8"?>
<Module name="top" Register="38" Alu="25" Lut="47">
    <SubModule name="sys_pll_m0"/>
    <SubModule name="cmos_pll_m0"/>
    <SubModule name="u_sd_clk"/>
    <SubModule name="u_mem_clk"/>
    <SubModule name="u_gmii_pll"/>
    <SubModule name="u_ov5640_top">
        <SubModule name="i2c_config_m0" Register="13" Lut="22">
            <SubModule name="i2c_master_top_m0" Register="17" Lut="53">
                <SubModule name="byte_controller" Register="23" Lut="51">
                    <SubModule name="bit_controller" Register="71" Alu="15" Lut="96"/>
                </SubModule>
            </SubModule>
        </SubModule>
        <SubModule name="lut_ov5640_rgb565_480_272_m0" Register="26" Lut="1263"/>
        <SubModule name="ov5640_data_inst" Register="32" Lut="19"/>
    </SubModule>
    <SubModule name="u_display_change" Register="11" Lut="10"/>
    <SubModule name="image_data_inst" Register="152" Alu="12" Lut="181">
        <SubModule name="u_fifo_sc_top" Register="30" Alu="13" Lut="57" Bsram="16"/>
    </SubModule>
    <SubModule name="u_key_debounce" Register="35" Lut="67"/>
    <SubModule name="u_sd_ctrl_top" Lut="7">
        <SubModule name="u_sd_init" Register="111" Lut="132"/>
        <SubModule name="u_sd_write" Register="140" Alu="31" Lut="132"/>
        <SubModule name="u_sd_read" Register="156" Alu="46" Lut="110"/>
    </SubModule>
    <SubModule name="u_eth_top">
        <SubModule name="u_gmii_to_rgmii">
            <SubModule name="u_rgmii_rx">
                <SubModule name="u_rmgii_pll"/>
            </SubModule>
            <SubModule name="u_rgmii_tx"/>
        </SubModule>
        <SubModule name="u_udp">
            <SubModule name="u_udp_tx" Register="111" Alu="79" Lut="296"/>
            <SubModule name="u_crc32_d8" Register="32" Lut="54"/>
        </SubModule>
        <SubModule name="u_udp_ctrl" Register="3" Lut="1"/>
    </SubModule>
    <SubModule name="u_ddr3_top" Lut="2">
        <SubModule name="u_video_frame_buffer" Register="333" Alu="34" Lut="724" Bsram="8"/>
        <SubModule name="DDR3_Memory_Interface_Top_inst" Register="3424" Alu="181" Lut="2476" Bsram="12"/>
    </SubModule>
</Module>
