{
 "Device" : "GW5AST-138B",
 "Files" : [
  {
   "Path" : "E:/fpga/GoWin_code_self/9_cam_udp_1080p_SD/ov5640_480_272/src/cmos_8_16bit.v",
   "Type" : "verilog"
  },
  {
   "Path" : "E:/fpga/GoWin_code_self/9_cam_udp_1080p_SD/ov5640_480_272/src/crc32_d8.v",
   "Type" : "verilog"
  },
  {
   "Path" : "E:/fpga/GoWin_code_self/9_cam_udp_1080p_SD/ov5640_480_272/src/ddr3_memory_interface/DDR3_Memory_Interface_Top.v",
   "Type" : "verilog"
  },
  {
   "Path" : "E:/fpga/GoWin_code_self/9_cam_udp_1080p_SD/ov5640_480_272/src/ddr3_top.v",
   "Type" : "verilog"
  },
  {
   "Path" : "E:/fpga/GoWin_code_self/9_cam_udp_1080p_SD/ov5640_480_272/src/eth_udp_loop.v",
   "Type" : "verilog"
  },
  {
   "Path" : "E:/fpga/GoWin_code_self/9_cam_udp_1080p_SD/ov5640_480_272/src/fifo_sc_top/image_data_fifo.v",
   "Type" : "verilog"
  },
  {
   "Path" : "E:/fpga/GoWin_code_self/9_cam_udp_1080p_SD/ov5640_480_272/src/fifo_top/async_fifo_1024x32b.v",
   "Type" : "verilog"
  },
  {
   "Path" : "E:/fpga/GoWin_code_self/9_cam_udp_1080p_SD/ov5640_480_272/src/fifo_top/com_fifo_sd.v",
   "Type" : "verilog"
  },
  {
   "Path" : "E:/fpga/GoWin_code_self/9_cam_udp_1080p_SD/ov5640_480_272/src/fifo_top/fifo_ov5640.v",
   "Type" : "verilog"
  },
  {
   "Path" : "E:/fpga/GoWin_code_self/9_cam_udp_1080p_SD/ov5640_480_272/src/fifo_top/image_fifo.v",
   "Type" : "verilog"
  },
  {
   "Path" : "E:/fpga/GoWin_code_self/9_cam_udp_1080p_SD/ov5640_480_272/src/fifo_top/sd_rd_fifo.v",
   "Type" : "verilog"
  },
  {
   "Path" : "E:/fpga/GoWin_code_self/9_cam_udp_1080p_SD/ov5640_480_272/src/gmii_to_rgmii.v",
   "Type" : "verilog"
  },
  {
   "Path" : "E:/fpga/GoWin_code_self/9_cam_udp_1080p_SD/ov5640_480_272/src/gowin_pll/cmos_pll.v",
   "Type" : "verilog"
  },
  {
   "Path" : "E:/fpga/GoWin_code_self/9_cam_udp_1080p_SD/ov5640_480_272/src/gowin_pll/gmii_pll.v",
   "Type" : "verilog"
  },
  {
   "Path" : "E:/fpga/GoWin_code_self/9_cam_udp_1080p_SD/ov5640_480_272/src/gowin_pll/mem_clk.v",
   "Type" : "verilog"
  },
  {
   "Path" : "E:/fpga/GoWin_code_self/9_cam_udp_1080p_SD/ov5640_480_272/src/gowin_pll/rgmii_pll.v",
   "Type" : "verilog"
  },
  {
   "Path" : "E:/fpga/GoWin_code_self/9_cam_udp_1080p_SD/ov5640_480_272/src/gowin_pll/sd_clk.v",
   "Type" : "verilog"
  },
  {
   "Path" : "E:/fpga/GoWin_code_self/9_cam_udp_1080p_SD/ov5640_480_272/src/gowin_pll/sys_pll.v",
   "Type" : "verilog"
  },
  {
   "Path" : "E:/fpga/GoWin_code_self/9_cam_udp_1080p_SD/ov5640_480_272/src/gowin_pll/video_clk.v",
   "Type" : "verilog"
  },
  {
   "Path" : "E:/fpga/GoWin_code_self/9_cam_udp_1080p_SD/ov5640_480_272/src/i2c_master/i2c_config.v",
   "Type" : "verilog"
  },
  {
   "Path" : "E:/fpga/GoWin_code_self/9_cam_udp_1080p_SD/ov5640_480_272/src/i2c_master/i2c_master_bit_ctrl.v",
   "Type" : "verilog"
  },
  {
   "Path" : "E:/fpga/GoWin_code_self/9_cam_udp_1080p_SD/ov5640_480_272/src/i2c_master/i2c_master_byte_ctrl.v",
   "Type" : "verilog"
  },
  {
   "Path" : "E:/fpga/GoWin_code_self/9_cam_udp_1080p_SD/ov5640_480_272/src/i2c_master/i2c_master_defines.v",
   "Type" : "verilog"
  },
  {
   "Path" : "E:/fpga/GoWin_code_self/9_cam_udp_1080p_SD/ov5640_480_272/src/i2c_master/i2c_master_top.v",
   "Type" : "verilog"
  },
  {
   "Path" : "E:/fpga/GoWin_code_self/9_cam_udp_1080p_SD/ov5640_480_272/src/i2c_master/timescale.v",
   "Type" : "verilog"
  },
  {
   "Path" : "E:/fpga/GoWin_code_self/9_cam_udp_1080p_SD/ov5640_480_272/src/image_data.v",
   "Type" : "verilog"
  },
  {
   "Path" : "E:/fpga/GoWin_code_self/9_cam_udp_1080p_SD/ov5640_480_272/src/image_format.v",
   "Type" : "verilog"
  },
  {
   "Path" : "E:/fpga/GoWin_code_self/9_cam_udp_1080p_SD/ov5640_480_272/src/key_debounce.v",
   "Type" : "verilog"
  },
  {
   "Path" : "E:/fpga/GoWin_code_self/9_cam_udp_1080p_SD/ov5640_480_272/src/lut_ov5640_rgb565_480_272.v",
   "Type" : "verilog"
  },
  {
   "Path" : "E:/fpga/GoWin_code_self/9_cam_udp_1080p_SD/ov5640_480_272/src/ov5640_data.v",
   "Type" : "verilog"
  },
  {
   "Path" : "E:/fpga/GoWin_code_self/9_cam_udp_1080p_SD/ov5640_480_272/src/ov5640_top.v",
   "Type" : "verilog"
  },
  {
   "Path" : "E:/fpga/GoWin_code_self/9_cam_udp_1080p_SD/ov5640_480_272/src/rgmii_rx.v",
   "Type" : "verilog"
  },
  {
   "Path" : "E:/fpga/GoWin_code_self/9_cam_udp_1080p_SD/ov5640_480_272/src/rgmii_tx.v",
   "Type" : "verilog"
  },
  {
   "Path" : "E:/fpga/GoWin_code_self/9_cam_udp_1080p_SD/ov5640_480_272/src/sd_ctrl_top.v",
   "Type" : "verilog"
  },
  {
   "Path" : "E:/fpga/GoWin_code_self/9_cam_udp_1080p_SD/ov5640_480_272/src/sd_init.v",
   "Type" : "verilog"
  },
  {
   "Path" : "E:/fpga/GoWin_code_self/9_cam_udp_1080p_SD/ov5640_480_272/src/sd_read.v",
   "Type" : "verilog"
  },
  {
   "Path" : "E:/fpga/GoWin_code_self/9_cam_udp_1080p_SD/ov5640_480_272/src/sd_write.v",
   "Type" : "verilog"
  },
  {
   "Path" : "E:/fpga/GoWin_code_self/9_cam_udp_1080p_SD/ov5640_480_272/src/syn_gen.v",
   "Type" : "verilog"
  },
  {
   "Path" : "E:/fpga/GoWin_code_self/9_cam_udp_1080p_SD/ov5640_480_272/src/top.v",
   "Type" : "verilog"
  },
  {
   "Path" : "E:/fpga/GoWin_code_self/9_cam_udp_1080p_SD/ov5640_480_272/src/udp.v",
   "Type" : "verilog"
  },
  {
   "Path" : "E:/fpga/GoWin_code_self/9_cam_udp_1080p_SD/ov5640_480_272/src/udp_ctrl.v",
   "Type" : "verilog"
  },
  {
   "Path" : "E:/fpga/GoWin_code_self/9_cam_udp_1080p_SD/ov5640_480_272/src/udp_rx.v",
   "Type" : "verilog"
  },
  {
   "Path" : "E:/fpga/GoWin_code_self/9_cam_udp_1080p_SD/ov5640_480_272/src/udp_tx.v",
   "Type" : "verilog"
  },
  {
   "Path" : "E:/fpga/GoWin_code_self/9_cam_udp_1080p_SD/ov5640_480_272/src/video_frame_buffer/video_frame_buffer.v",
   "Type" : "verilog"
  },
  {
   "Path" : "E:/fpga/GoWin_code_self/9_cam_udp_1080p_SD/ov5640_480_272/src/display_change.v",
   "Type" : "verilog"
  }
 ],
 "IncludePath" : [

 ],
 "LoopLimit" : 2000,
 "ResultFile" : "E:/fpga/GoWin_code_self/9_cam_udp_1080p_SD/ov5640_480_272/impl/temp/rtl_parser.result",
 "Top" : "top",
 "VerilogStd" : "verilog_2001",
 "VhdlStd" : "vhdl_93"
}